{
    "loss": 0.9540959596633911,
    "accuracy": 0.4830508530139923
}