{
    "loss": 0.39819014072418213,
    "accuracy": 0.8644067645072937
}