{
    "loss": 0.5784125328063965,
    "accuracy": 0.7033898234367371
}